{
    "username": "rafibenkual1",
    "key": "t42z8wSsqUfpumsyRcyV",
    "test_path": "test/javascript/index.html",
    "test_framework": "mocha",
    "browsers": [
        {
            "browser": "chrome",
            "browser_version": "latest",
            "os": "OS X",
            "os_version": "Sierra"
        },
        {
            "browser": "firefox",
            "browser_version": "latest",
            "os": "Windows",
            "os_version": "7"
        },
        {
            "browser": "ie",
            "browser_version": "latest",
            "os": "Windows",
            "os_version": "10"
        },
        {
            "browser": "safari",
            "browser_version": "latest",
            "os": "OS X",
            "os_version": "Yosemite"
        }
    ]
}
